"GLDetailExpenseID","GXJRNL","YYYYMM","GXACCT","CTDESC","TXYEAR","TXMNTH","THHDAT","THEDAT","THSRC","THREF","GXFAMT","GXDRCR","GXDESC","GXDSC2","X1TRANSDATE","X1ROWKEY","X1SOURCETABLE","X1TRANSTYPE","X1INVOICENUM","X1WORKORDER","X1PONUM","X1POREVISIONNUM","X1ITEMNUM","X1VENDOR","X1VENDORNAME","X1PROJECTID","X1TXPJDESC","WO_DESC","LOCATION","LOC_DESC","PLUSUNIT","PLUSPLSYSTEM","PROJ_DESC","X1OUTAGEALIAS","VENDORINVOICENUM","CTUF01","TYPE","OUTAGE UNIT","GROUP","KEY","BUDGET","ACCT_TYPE","LABOR-NONLABOR","BudgetWithEO"
"3450","157024","202511","003-2-21-401-10-350-501-207-4","SALE OF GYPSUM                ","2025","11","45860","2025-07-23","JKE","GYPSUMCRDT","-1304385.51","C","GYPSUM CREDIT                 ","                                                                                                                                            ",,,,,,"                        ",,,,,,"          ",,,,,,,,,,"FPC703","NONOUTAGE",,"FPC703","CliftyFPC703003-2-21-401-10-350-501-207-4","Clifty","Energy","NonLabor","Clifty"
"3498","157196","202511","003-2-21-401-10-350-501-207-4","SALE OF GYPSUM                ","2025","11","45872","2025-08-04","JKE","REVERSE   ","217397.59","D","REVERSE 1/6 JUNE JE           ","                                                                                                                                            ",,,,,,"                        ",,,,,,"          ",,,,,,,,,,"FPC703","NONOUTAGE",,"FPC703","CliftyFPC703003-2-21-401-10-350-501-207-4","Clifty","Energy","NonLabor","Clifty"
"3560","157073","202511","003-2-21-401-10-350-501-207-4","SALE OF GYPSUM                ","2025","11","45867","2025-07-30","JKE","REVERSE   ","1304385.51","D","GYPSUM CREDIT                 ","                                                                                                                                            ",,,,,,"                        ",,,,,,"          ",,,,,,,,,,"FPC703","NONOUTAGE",,"FPC703","CliftyFPC703003-2-21-401-10-350-501-207-4","Clifty","Energy","NonLabor","Clifty"
"3750","158355","202511","003-2-21-401-10-350-506-500-4","MISC REAGENT COSTS            ","2025","11","45964","2025-11-04","AP","AP FROM MX","2442.32","D","OUTSIDE SERVICE CHARGE ADJUSTM",".                                                                                                                                           ","2025-11-04 13:09:05","MX1000001274070-0001","SERVRECTRANS","INVOICE","103-21585737","7010374801",,"0",,"5000448501","AMERICAN ELEC.POWER SER.CORP","CCPFUEL-5","CCP FUEL - FUEL COST","UREA/REAGENT COST - CLIFTY",,,,,"CCP FUEL - FUEL COST",,"103-21585737","FPC705","NONOUTAGE",,"FPC705","CliftyFPC705003-2-21-401-10-350-506-500-4","Clifty","Energy","NonLabor","Clifty"
"3760","158301","202511","003-1-20-401-10-342-501-110-4","FUEL COST DELVD COAL          ","2025","11","45963","2025-11-03","AP","AP FROM MX","-3.88","C","PRICE VARIANCE FOR DIRECT CHAR","FUEL, DIESEL OIL, OFF ROAD, ASTMD 975, MSDS 296                                                                                             ","2025-11-03 10:43:09","MX1000001272806-0002","MATRECTRANS","INVOICE","67734","7010031002","60057063","0","0800951604","5000105901","BURLILE PETROLEUM","KCPFUEL-1","KCP FUEL - COAL UNLOADING BWC","801 - PROVIDE FUEL HANDLING",,,,,"KCP FUEL - COAL UNLOADING BWC",,"67734","FPC703","NONOUTAGE",,"FPC703","KygerFPC703003-1-20-401-10-342-501-110-4","Kyger","Energy","NonLabor","Kyger"
"3765","158355","202511","003-1-20-401-10-350-501-110-4","FUEL COST DELVD COAL          ","2025","11","45964","2025-11-04","AP","AP FROM MX","5575.94","D","OUTSIDE SERVICE CHARGE ADJUSTM",".                                                                                                                                           ","2025-11-04 08:58:15","MX1000001273952-0001","SERVRECTRANS","INVOICE","103-21585734","7000031901",,"0",,"5000448601","AMERICAN ELEC. POWER SER. CORP","KCPPOCONV","KYGER CREEK PO/SO CONVERSION","003-1-20-401-10-350-501-***-4",,,,,"KYGER CREEK PO/SO CONVERSION",,"103-21585734","FPC703","NONOUTAGE",,"FPC703","KygerFPC703003-1-20-401-10-350-501-110-4","Kyger","Energy","NonLabor","Kyger"
"3771","158355","202511","003-1-20-401-10-350-506-500-4","MISC REAGENT COSTS            ","2025","11","45964","2025-11-04","AP","AP FROM MX","1493.78","D","OUTSIDE SERVICE CHARGE ADJUSTM",".                                                                                                                                           ","2025-11-04 08:58:16","MX1000001273936-0001","SERVRECTRANS","INVOICE","103-21585734","7010122501",,"0",,"5000448601","AMERICAN ELEC. POWER SER. CORP","1193","KCPFUEL-5 KCP - FUEL COST","UREA AND REAGENT COST",,,,,"KCPFUEL-5 KCP - FUEL COST",,"103-21585734","FPC705","NONOUTAGE",,"FPC705","KygerFPC705003-1-20-401-10-350-506-500-4","Kyger","Energy","NonLabor","Kyger"
"3772","158387","202511","003-1-20-401-10-350-501-200-4","SALE OF BOTTOM ASH            ","2025","11","45966","2025-11-06","LJM","CSHREC1105","-24138.00","C","CK 9916105373 REED MINERALS   ","                                                                                                                                            ",,,,,,"                        ",,,,,,"          ",,,,,,,,,,"FPC703","NONOUTAGE",,"FPC703","KygerFPC703003-1-20-401-10-350-501-200-4","Kyger","Energy","NonLabor","Kyger"
"3773","158464","202511","003-2-21-401-10-350-501-110-4","FUEL COST DELVD COAL          ","2025","11","45972","2025-11-12","AP","AP FROM MX","1174.18","D","OUTSIDE SERVICE CHARGE ADJUSTM","Augmented Staff - Jesse Sands                                                                                                               ","2025-11-12 14:47:43","MX1000001280682-0001","SERVRECTRANS","INVOICE","90577736","7010180801","60038224","1",,"5001071601","WECTEC Staffing Services, LLC","CCP350YA","350 - CLIFTY Fuel and Material Handling","MISC COAL HANDLING",,,,,"350 - CLIFTY FUEL AND MATERIAL HANDLING",,"90577736","FPC703","NONOUTAGE",,"YARD","CliftyYARD003-2-21-401-10-350-501-110-4","Clifty","Energy","NonLabor","Clifty"
"3774","158464","202511","003-1-20-401-10-350-501-110-4","FUEL COST DELVD COAL          ","2025","11","45972","2025-11-12","AP","AP FROM MX","12557.23","D","OUTSIDE SERVICE CHARGE ADJUSTM","MPW PLANT CLEANING, WATER BLASTING VACUUMING ETC                                                                                            ","2025-11-12 13:15:41","MX1000001280606-0001","SERVRECTRANS","INVOICE","121171","80028405001             ","60037595","5","90000100 MPW","5000146701","MPW ENVIRONMENTAL SERVICES INC","KCP350YA","350 - KYGER Fuel and Material Handling","CONTRACTOR SUPPORT FOR COAL HANDLER AND BELT WALKER JOBS",,,,,"350 - KYGER FUEL AND MATERIAL HANDLING",,"121171","FPC703","NONOUTAGE",,"YARD","KygerYARD003-1-20-401-10-350-501-110-4","Kyger","Energy","NonLabor","Kyger"
"3778","158302","202511","003-1-20-401-10-342-501-110-4","FUEL COST DELVD COAL          ","2025","11","45963","2025-11-03","IC","IC FROM MX","1027.20","D","ISSUES/RETURNS OF DIRECT CHARG","FUEL, DIESEL OIL, OFF ROAD, ASTMD 975, MSDS 296                                                                                             ","2025-11-03 07:10:33","MX1000001272138-0001","MATRECTRANS","RECEIPT",,"7010031002","60057101","0","0800951604","5000105901","BURLILE PETROLEUM","KCPFUEL-1","KCP FUEL - COAL UNLOADING BWC","801 - PROVIDE FUEL HANDLING",,,,,"KCP FUEL - COAL UNLOADING BWC",,,"FPC703","NONOUTAGE",,"FPC703","KygerFPC703003-1-20-401-10-342-501-110-4","Kyger","Energy","NonLabor","Kyger"
"3779","158302","202511","003-1-20-401-10-350-506-500-4","MISC REAGENT COSTS            ","2025","11","45963","2025-11-03","IC","IC FROM MX","133644.00","D","ISSUES/RETURNS OF DIRECT CHARG","CHEMICALS                                                                                                                                   ","2025-11-03 09:34:24","MX1000001272516-0001","MATRECTRANS","RECEIPT",,"7015006501","60057113","0","4400013185","5501098052","VEOLIA WTS USA, INC","KCP8440060","Environmental Mercury","FUEL EXPENSE > MERCURY CONTROL",,,,,"ENVIRONMENTAL MERCURY",,,"FPC705","NONOUTAGE",,"FPC705","KygerFPC705003-1-20-401-10-350-506-500-4","Kyger","Energy","NonLabor","Kyger"
"3781","158302","202511","003-1-20-401-10-342-501-110-4","FUEL COST DELVD COAL          ","2025","11","45963","2025-11-03","IC","IC FROM MX","1169.69","D","ISSUES/RETURNS OF DIRECT CHARG","FUEL, DIESEL OIL, OFF ROAD, ASTMD 975, MSDS 296                                                                                             ","2025-11-03 13:35:21","MX1000001273242-0001","MATRECTRANS","RECEIPT",,"7010031002","60057121","0","0800951604","5000105901","BURLILE PETROLEUM","KCPFUEL-1","KCP FUEL - COAL UNLOADING BWC","801 - PROVIDE FUEL HANDLING",,,,,"KCP FUEL - COAL UNLOADING BWC",,,"FPC703","NONOUTAGE",,"FPC703","KygerFPC703003-1-20-401-10-342-501-110-4","Kyger","Energy","NonLabor","Kyger"
"3783","158302","202511","003-1-20-401-10-342-501-110-4","FUEL COST DELVD COAL          ","2025","11","45963","2025-11-03","IC","IC FROM MX","762.00","D","ISSUES/RETURNS OF DIRECT CHARG","FUEL, DIESEL OIL, OFF ROAD, ASTMD 975, MSDS 296                                                                                             ","2025-11-03 06:57:55","MX1000001272136-0001","MATRECTRANS","RECEIPT",,"7010031002","60057100","0","0800951604","5000105901","BURLILE PETROLEUM","KCPFUEL-1","KCP FUEL - COAL UNLOADING BWC","801 - PROVIDE FUEL HANDLING",,,,,"KCP FUEL - COAL UNLOADING BWC",,,"FPC703","NONOUTAGE",,"FPC703","KygerFPC703003-1-20-401-10-342-501-110-4","Kyger","Energy","NonLabor","Kyger"
"3784","158419","202511","003-1-20-401-10-342-501-110-4","FUEL COST DELVD COAL          ","2025","11","45966","2025-11-06","IC","IC FROM MX","1155.66","D","ISSUES/RETURNS OF DIRECT CHARG","FUEL, DIESEL OIL, OFF ROAD, ASTMD 975, MSDS 296                                                                                             ","2025-11-06 06:23:57","MX1000001275558-0001","MATRECTRANS","RECEIPT",,"7010031002","60057239","0","0800951604","5000105901","BURLILE PETROLEUM","KCPFUEL-1","KCP FUEL - COAL UNLOADING BWC","801 - PROVIDE FUEL HANDLING",,,,,"KCP FUEL - COAL UNLOADING BWC",,,"FPC703","NONOUTAGE",,"FPC703","KygerFPC703003-1-20-401-10-342-501-110-4","Kyger","Energy","NonLabor","Kyger"
"3785","158460","202511","003-1-20-401-10-342-501-110-4","FUEL COST DELVD COAL          ","2025","11","45971","2025-11-11","IC","IC FROM MX","2601.29","D","ISSUES/RETURNS OF DIRECT CHARG","Generated from Workorder 7010031002 11/11/2025 10:05:09                                                                                     ","2025-11-11 10:22:39","MX1000001278942-0001","MATRECTRANS","RECEIPT",,"7010031002","60057350","0","0800951604","5000105901","BURLILE PETROLEUM","KCPFUEL-1","KCP FUEL - COAL UNLOADING BWC","801 - PROVIDE FUEL HANDLING",,,,,"KCP FUEL - COAL UNLOADING BWC",,,"FPC703","NONOUTAGE",,"FPC703","KygerFPC703003-1-20-401-10-342-501-110-4","Kyger","Energy","NonLabor","Kyger"
"3792","158464","202511","003-1-20-401-10-350-501-110-4","FUEL COST DELVD COAL          ","2025","11","45972","2025-11-12","AP","AP FROM MX","17510.54","D","OUTSIDE SERVICE CHARGE ADJUSTM","MPW PLANT CLEANING, WATER BLASTING VACUUMING ETC                                                                                            ","2025-11-12 13:14:29","MX1000001280490-0001","SERVRECTRANS","INVOICE","120856","80028405001             ","60037595","5","90000100 MPW","5000146701","MPW ENVIRONMENTAL SERVICES INC","KCP350YA","350 - KYGER Fuel and Material Handling","CONTRACTOR SUPPORT FOR COAL HANDLER AND BELT WALKER JOBS",,,,,"350 - KYGER FUEL AND MATERIAL HANDLING",,"120856","FPC703","NONOUTAGE",,"YARD","KygerYARD003-1-20-401-10-350-501-110-4","Kyger","Energy","NonLabor","Kyger"
"3794","158419","202511","003-1-20-401-10-342-501-110-4","FUEL COST DELVD COAL          ","2025","11","45966","2025-11-06","IC","IC FROM MX","624.31","D","ISSUES/RETURNS OF DIRECT CHARG","FUEL, DIESEL OIL, OFF ROAD, ASTMD 975, MSDS 296                                                                                             ","2025-11-06 07:45:48","MX1000001275520-0001","MATRECTRANS","RECEIPT",,"7010031002","60057244","0","0800951604","5000105901","BURLILE PETROLEUM","KCPFUEL-1","KCP FUEL - COAL UNLOADING BWC","801 - PROVIDE FUEL HANDLING",,,,,"KCP FUEL - COAL UNLOADING BWC",,,"FPC703","NONOUTAGE",,"FPC703","KygerFPC703003-1-20-401-10-342-501-110-4","Kyger","Energy","NonLabor","Kyger"
"3795","158464","202511","003-1-20-401-10-350-501-305-4","GYPSUM DISPOSAL COSTS         ","2025","11","45972","2025-11-12","AP","AP FROM MX","39940.43","D","OUTSIDE SERVICE CHARGE ADJUSTM","Silver Bridge Ash Hauling                                                                                                                   ","2025-11-12 14:23:24","MX1000001280602-0001","SERVRECTRANS","INVOICE","5590","7012630001","60037168","0",,"5501098110","SILVER BRIDGE EXCAVATING","KCPFUEL-6","KCP FUEL - DISPOSAL HAULING COST  - FLY ASH A","BY-PRODUCT HAULING COSTS - FLY ASH AND GYPSUM",,,,,"KCP FUEL - DISPOSAL HAULING COST  - FLY ASH A",,"5590","FCP703","NONOUTAGE",,"FCP703","KygerFCP703003-1-20-401-10-350-501-305-4","Kyger","Energy","NonLabor","Kyger"
"3799","158441","202511","003-1-20-401-10-350-501-305-4","GYPSUM DISPOSAL COSTS         ","2025","11","45970","2025-11-10","AP","AP FROM MX","249429.26","D","OUTSIDE SERVICE CHARGE ADJUSTM","Silver Bridge Ash Hauling Extra Work                                                                                                        ","2025-11-10 08:48:29","MX1000001277770-0001","SERVRECTRANS","INVOICE","5591","7012630001","60037809","1",,"5501098110","SILVER BRIDGE EXCAVATING","KCPFUEL-6","KCP FUEL - DISPOSAL HAULING COST  - FLY ASH A","BY-PRODUCT HAULING COSTS - FLY ASH AND GYPSUM",,,,,"KCP FUEL - DISPOSAL HAULING COST  - FLY ASH A",,"5591","FCP703","NONOUTAGE",,"FCP703","KygerFCP703003-1-20-401-10-350-501-305-4","Kyger","Energy","NonLabor","Kyger"
"3806","158465","202511","003-1-20-401-10-350-506-500-4","MISC REAGENT COSTS            ","2025","11","45972","2025-11-12","IC","IC FROM MX","62000.00","D","ISSUES/RETURNS OF DIRECT CHARG","CHEMICALS                                                                                                                                   ","2025-11-12 09:51:56","MX1000001280218-0001","MATRECTRANS","RECEIPT",,"7015006501","60057393","0","4400013069","5501098052","VEOLIA WTS USA, INC","KCP8440060","Environmental Mercury","FUEL EXPENSE > MERCURY CONTROL",,,,,"ENVIRONMENTAL MERCURY",,,"FPC705","NONOUTAGE",,"FPC705","KygerFPC705003-1-20-401-10-350-506-500-4","Kyger","Energy","NonLabor","Kyger"
"3807","158524","202511","003-1-20-401-10-342-501-110-4","FUEL COST DELVD COAL          ","2025","11","45978","2025-11-18","IC","IC FROM MX","792.95","D","ISSUES/RETURNS OF DIRECT CHARG","FUEL, DIESEL OIL, OFF ROAD, ASTMD 975, MSDS 296                                                                                             ","2025-11-18 11:22:17","MX1000001283372-0001","MATRECTRANS","RECEIPT",,"7010031002","60057685","0","0800951604","5000105901","BURLILE PETROLEUM","KCPFUEL-1","KCP FUEL - COAL UNLOADING BWC","801 - PROVIDE FUEL HANDLING",,,,,"KCP FUEL - COAL UNLOADING BWC",,,"FPC703","NONOUTAGE",,"FPC703","KygerFPC703003-1-20-401-10-342-501-110-4","Kyger","Energy","NonLabor","Kyger"
"3808","158515","202511","003-1-20-401-10-342-501-110-4","FUEL COST DELVD COAL          ","2025","11","45977","2025-11-17","AP","AP FROM MX","-35.38","C","PRICE VARIANCE FOR DIRECT CHAR","Generated from Workorder 7010031002 11/13/2025 10:57:14                                                                                     ","2025-11-17 11:15:14","MX1000001282150-0002","MATRECTRANS","INVOICE","68177","7010031002","60057451","0","0800951604","5000105901","BURLILE PETROLEUM","KCPFUEL-1","KCP FUEL - COAL UNLOADING BWC","801 - PROVIDE FUEL HANDLING",,,,,"KCP FUEL - COAL UNLOADING BWC",,"68177","FPC703","NONOUTAGE",,"FPC703","KygerFPC703003-1-20-401-10-342-501-110-4","Kyger","Energy","NonLabor","Kyger"
"3810","158502","202511","003-1-20-401-10-350-501-207-4","SALE OF GYPSUM                ","2025","11","45977","2025-11-17","NDN","MISCINV   ","-99171.30","C","INV#0925-93 US GYPSUM         ","                                                                                                                                            ",,,,,,"                        ",,,,,,"          ",,,,,,,,,,"FPC703","NONOUTAGE",,"FPC703","KygerFPC703003-1-20-401-10-350-501-207-4","Kyger","Energy","NonLabor","Kyger"
"3811","158524","202511","003-1-20-401-10-342-501-110-4","FUEL COST DELVD COAL          ","2025","11","45978","2025-11-18","IC","IC FROM MX","4005.40","D","ISSUES/RETURNS OF DIRECT CHARG","FUEL, DIESEL OIL, OFF ROAD, ASTMD 975, MSDS 296                                                                                             ","2025-11-18 11:07:27","MX1000001283362-0001","MATRECTRANS","RECEIPT",,"7010031002","60057684","0","0800951604","5000105901","BURLILE PETROLEUM","KCPFUEL-1","KCP FUEL - COAL UNLOADING BWC","801 - PROVIDE FUEL HANDLING",,,,,"KCP FUEL - COAL UNLOADING BWC",,,"FPC703","NONOUTAGE",,"FPC703","KygerFPC703003-1-20-401-10-342-501-110-4","Kyger","Energy","NonLabor","Kyger"
"3812","158494","202511","003-1-20-401-10-342-501-110-4","FUEL COST DELVD COAL          ","2025","11","45974","2025-11-14","IC","IC FROM MX","976.24","D","ISSUES/RETURNS OF DIRECT CHARG","Generated from Workorder 7010031002 11/14/2025 10:31:30                                                                                     ","2025-11-14 11:04:23","MX1000001281922-0001","MATRECTRANS","RECEIPT",,"7010031002","60057502","0","0800951604","5000105901","BURLILE PETROLEUM","KCPFUEL-1","KCP FUEL - COAL UNLOADING BWC","801 - PROVIDE FUEL HANDLING",,,,,"KCP FUEL - COAL UNLOADING BWC",,,"FPC703","NONOUTAGE",,"FPC703","KygerFPC703003-1-20-401-10-342-501-110-4","Kyger","Energy","NonLabor","Kyger"
"3816","158671","202511","003-1-20-401-10-350-501-207-4","SALE OF GYPSUM                ","2025","11","45993","2025-12-03","LJP","MISCINV   ","-91420.00","C","INV # 1025-93 US GYPSUM       ","                                                                                                                                            ",,,,,,"                        ",,,,,,"          ",,,,,,,,,,"FPC703","NONOUTAGE",,"FPC703","KygerFPC703003-1-20-401-10-350-501-207-4","Kyger","Energy","NonLabor","Kyger"
"3817","158672","202511","003-2-21-401-10-350-501-200-4","SALE OF BOTTOM ASH            ","2025","11","45993","2025-12-03","LJP","MISCINV   ","-31357.90","C","INV # 1025-175 US MINERALS    ","                                                                                                                                            ",,,,,,"                        ",,,,,,"          ",,,,,,,,,,"FPC703","NONOUTAGE",,"FPC703","CliftyFPC703003-2-21-401-10-350-501-200-4","Clifty","Energy","NonLabor","Clifty"
"3821","158460","202511","003-1-20-401-10-342-501-110-4","FUEL COST DELVD COAL          ","2025","11","45971","2025-11-11","IC","IC FROM MX","696.78","D","ISSUES/RETURNS OF DIRECT CHARG","Generated from Workorder 7010031002 11/11/2025 10:26:21                                                                                     ","2025-11-11 10:40:08","MX1000001278944-0001","MATRECTRANS","RECEIPT",,"7010031002","60057357","0","0800951604","5000105901","BURLILE PETROLEUM","KCPFUEL-1","KCP FUEL - COAL UNLOADING BWC","801 - PROVIDE FUEL HANDLING",,,,,"KCP FUEL - COAL UNLOADING BWC",,,"FPC703","NONOUTAGE",,"FPC703","KygerFPC703003-1-20-401-10-342-501-110-4","Kyger","Energy","NonLabor","Kyger"
"3822","158442","202511","003-1-20-401-10-342-501-110-4","FUEL COST DELVD COAL          ","2025","11","45970","2025-11-10","IC","IC FROM MX","1346.10","D","ISSUES/RETURNS OF DIRECT CHARG","Generated from Workorder 7010031002 11/10/2025 10:30:44                                                                                     ","2025-11-10 11:39:21","MX1000001278344-0001","MATRECTRANS","RECEIPT",,"7010031002","60057316","0","0800951604","5000105901","BURLILE PETROLEUM","KCPFUEL-1","KCP FUEL - COAL UNLOADING BWC","801 - PROVIDE FUEL HANDLING",,,,,"KCP FUEL - COAL UNLOADING BWC",,,"FPC703","NONOUTAGE",,"FPC703","KygerFPC703003-1-20-401-10-342-501-110-4","Kyger","Energy","NonLabor","Kyger"
"3823","158301","202511","003-1-20-401-10-342-501-110-4","FUEL COST DELVD COAL          ","2025","11","45963","2025-11-03","AP","AP FROM MX","-2.54","C","PRICE VARIANCE FOR DIRECT CHAR","FUEL, DIESEL OIL, OFF ROAD, ASTMD 975, MSDS 296                                                                                             ","2025-11-03 10:45:50","MX1000001272888-0002","MATRECTRANS","INVOICE","67739","7010031002","60057100","0","0800951604","5000105901","BURLILE PETROLEUM","KCPFUEL-1","KCP FUEL - COAL UNLOADING BWC","801 - PROVIDE FUEL HANDLING",,,,,"KCP FUEL - COAL UNLOADING BWC",,"67739","FPC703","NONOUTAGE",,"FPC703","KygerFPC703003-1-20-401-10-342-501-110-4","Kyger","Energy","NonLabor","Kyger"
"3824","158516","202511","003-1-20-401-10-342-501-110-4","FUEL COST DELVD COAL          ","2025","11","45977","2025-11-17","IC","IC FROM MX","1596.36","D","ISSUES/RETURNS OF DIRECT CHARG","FUEL, DIESEL OIL, OFF ROAD, ASTMD 975, MSDS 296                                                                                             ","2025-11-17 11:15:38","MX1000001282514-0001","MATRECTRANS","RECEIPT",,"7010031002","60057556","0","0800951604","5000105901","BURLILE PETROLEUM","KCPFUEL-1","KCP FUEL - COAL UNLOADING BWC","801 - PROVIDE FUEL HANDLING",,,,,"KCP FUEL - COAL UNLOADING BWC",,,"FPC703","NONOUTAGE",,"FPC703","KygerFPC703003-1-20-401-10-342-501-110-4","Kyger","Energy","NonLabor","Kyger"
"3825","158516","202511","003-1-20-401-10-342-501-110-4","FUEL COST DELVD COAL          ","2025","11","45977","2025-11-17","IC","IC FROM MX","1466.00","D","ISSUES/RETURNS OF DIRECT CHARG","FUEL, DIESEL OIL, OFF ROAD, ASTMD 975, MSDS 296                                                                                             ","2025-11-17 08:57:43","MX1000001282346-0001","MATRECTRANS","RECEIPT",,"7010031002","60057544","0","0800951604","5000105901","BURLILE PETROLEUM","KCPFUEL-1","KCP FUEL - COAL UNLOADING BWC","801 - PROVIDE FUEL HANDLING",,,,,"KCP FUEL - COAL UNLOADING BWC",,,"FPC703","NONOUTAGE",,"FPC703","KygerFPC703003-1-20-401-10-342-501-110-4","Kyger","Energy","NonLabor","Kyger"
"3826","158301","202511","003-1-20-401-10-342-501-110-4","FUEL COST DELVD COAL          ","2025","11","45963","2025-11-03","AP","AP FROM MX","-3.42","C","PRICE VARIANCE FOR DIRECT CHAR","FUEL, DIESEL OIL, OFF ROAD, ASTMD 975, MSDS 296                                                                                             ","2025-11-03 10:44:20","MX1000001272876-0002","MATRECTRANS","INVOICE","67738","7010031002","60057101","0","0800951604","5000105901","BURLILE PETROLEUM","KCPFUEL-1","KCP FUEL - COAL UNLOADING BWC","801 - PROVIDE FUEL HANDLING",,,,,"KCP FUEL - COAL UNLOADING BWC",,"67738","FPC703","NONOUTAGE",,"FPC703","KygerFPC703003-1-20-401-10-342-501-110-4","Kyger","Energy","NonLabor","Kyger"
"3827","158583","202511","003-2-21-401-10-350-501-110-4","FUEL COST DELVD COAL          ","2025","11","45986","2025-11-26","AP","AP FROM MX","135843.19","D","OUTSIDE SERVICE CHARGE ADJUSTM","HARBOR SERVICE AGREEMENT                                                                                                                    ","2025-11-26 09:10:54","MX1000001288576-0001","SERVRECTRANS","INVOICE","257368","7000027401","21127537","11",,"5000876001","MCGINNIS, INC.","CCPPOCONV","CLIFTY CREEK PO/SO CONVERSION","003-2-21-401-20-350-512-1**-4",,,,,"CLIFTY CREEK PO/SO CONVERSION",,"257368","FPC703","NONOUTAGE",,"FPC703","CliftyFPC703003-2-21-401-10-350-501-110-4","Clifty","Energy","NonLabor","Clifty"
"3828","158576","202511","003-2-21-401-10-350-501-110-4","FUEL COST DELVD COAL          ","2025","11","45985","2025-11-25","AP","AP FROM MX","1753.56","D","OUTSIDE SERVICE CHARGE ADJUSTM","Augmented Staff - Eric Burchnell                                                                                                            ","2025-11-25 14:24:37","MX1000001288216-0001","SERVRECTRANS","INVOICE","90579648","7010180801","60038225","1",,"5001071601","WECTEC Staffing Services, LLC","CCP350YA","350 - CLIFTY Fuel and Material Handling","MISC COAL HANDLING",,,,,"350 - CLIFTY FUEL AND MATERIAL HANDLING",,"90579648","FPC703","NONOUTAGE",,"YARD","CliftyYARD003-2-21-401-10-350-501-110-4","Clifty","Energy","NonLabor","Clifty"
"3829","158584","202511","003-1-20-401-10-342-501-110-4","FUEL COST DELVD COAL          ","2025","11","45986","2025-11-26","IC","IC FROM MX","1786.97","D","ISSUES/RETURNS OF DIRECT CHARG","Generated from Workorder 7010031002 11/26/2025 09:10:00                                                                                     ","2025-11-26 10:09:50","MX1000001288726-0001","MATRECTRANS","RECEIPT",,"7010031002","60057898","1","0800951604","5000105901","BURLILE PETROLEUM","KCPFUEL-1","KCP FUEL - COAL UNLOADING BWC","801 - PROVIDE FUEL HANDLING",,,,,"KCP FUEL - COAL UNLOADING BWC",,,"FPC703","NONOUTAGE",,"FPC703","KygerFPC703003-1-20-401-10-342-501-110-4","Kyger","Energy","NonLabor","Kyger"
"3832","158442","202511","003-1-20-401-10-342-501-110-4","FUEL COST DELVD COAL          ","2025","11","45970","2025-11-10","IC","IC FROM MX","1557.67","D","ISSUES/RETURNS OF DIRECT CHARG","Generated from Workorder 7010031002 11/10/2025 08:23:05                                                                                     ","2025-11-10 10:31:27","MX1000001278272-0001","MATRECTRANS","RECEIPT",,"7010031002","60057311","0","0800951604","5000105901","BURLILE PETROLEUM","KCPFUEL-1","KCP FUEL - COAL UNLOADING BWC","801 - PROVIDE FUEL HANDLING",,,,,"KCP FUEL - COAL UNLOADING BWC",,,"FPC703","NONOUTAGE",,"FPC703","KygerFPC703003-1-20-401-10-342-501-110-4","Kyger","Energy","NonLabor","Kyger"
"3833","158567","202511","003-1-20-401-10-342-501-110-4","FUEL COST DELVD COAL          ","2025","11","45984","2025-11-24","AP","AP FROM MX","64.46","D","PRICE VARIANCE FOR DIRECT CHAR","FUEL, DIESEL OIL, OFF ROAD, ASTMD 975, MSDS 296                                                                                             ","2025-11-24 11:35:40","MX1000001286992-0001","MATRECTRANS","INVOICE","68439","7010031002","60057828","0","0800951604","5000105901","BURLILE PETROLEUM","KCPFUEL-1","KCP FUEL - COAL UNLOADING BWC","801 - PROVIDE FUEL HANDLING",,,,,"KCP FUEL - COAL UNLOADING BWC",,"68439","FPC703","NONOUTAGE",,"FPC703","KygerFPC703003-1-20-401-10-342-501-110-4","Kyger","Energy","NonLabor","Kyger"
"3834","158542","202511","003-1-20-401-10-350-506-500-4","MISC REAGENT COSTS            ","2025","11","45980","2025-11-20","IC","IC FROM MX","10462.50","D","ISSUES/RETURNS OF DIRECT CHARG","SPECTRUS NX1106 (2 TOTES) 11/12/25                                                                                                          ","2025-11-20 11:29:08","MX1000001285504-0001","MATRECTRANS","RECEIPT",,"7015006501","60057433","0",,"5501098052","VEOLIA WTS USA, INC","KCP8440060","Environmental Mercury","FUEL EXPENSE > MERCURY CONTROL",,,,,"ENVIRONMENTAL MERCURY",,,"FPC705","NONOUTAGE",,"FPC705","KygerFPC705003-1-20-401-10-350-506-500-4","Kyger","Energy","NonLabor","Kyger"
"3835","158568","202511","003-1-20-401-10-342-501-110-4","FUEL COST DELVD COAL          ","2025","11","45984","2025-11-24","IC","IC FROM MX","1862.89","D","ISSUES/RETURNS OF DIRECT CHARG","FUEL, DIESEL OIL, OFF ROAD, ASTMD 975, MSDS 296                                                                                             ","2025-11-24 07:02:40","MX1000001286890-0001","MATRECTRANS","RECEIPT",,"7010031002","60057828","0","0800951604","5000105901","BURLILE PETROLEUM","KCPFUEL-1","KCP FUEL - COAL UNLOADING BWC","801 - PROVIDE FUEL HANDLING",,,,,"KCP FUEL - COAL UNLOADING BWC",,,"FPC703","NONOUTAGE",,"FPC703","KygerFPC703003-1-20-401-10-342-501-110-4","Kyger","Energy","NonLabor","Kyger"
"3841","158464","202511","003-2-21-401-10-350-501-110-4","FUEL COST DELVD COAL          ","2025","11","45972","2025-11-12","AP","AP FROM MX","1753.56","D","OUTSIDE SERVICE CHARGE ADJUSTM","Augmented Staff - Eric Burchnell                                                                                                            ","2025-11-12 14:48:23","MX1000001280694-0001","SERVRECTRANS","INVOICE","90577725","7010180801","60038225","1",,"5001071601","WECTEC Staffing Services, LLC","CCP350YA","350 - CLIFTY Fuel and Material Handling","MISC COAL HANDLING",,,,,"350 - CLIFTY FUEL AND MATERIAL HANDLING",,"90577725","FPC703","NONOUTAGE",,"YARD","CliftyYARD003-2-21-401-10-350-501-110-4","Clifty","Energy","NonLabor","Clifty"
"3843","158464","202511","003-1-20-401-10-350-501-110-4","FUEL COST DELVD COAL          ","2025","11","45972","2025-11-12","AP","AP FROM MX","13863.96","D","OUTSIDE SERVICE CHARGE ADJUSTM","MPW PLANT CLEANING, WATER BLASTING VACUUMING ETC                                                                                            ","2025-11-12 13:15:05","MX1000001280498-0001","SERVRECTRANS","INVOICE","121170","80028405001             ","60037595","5","90000100 MPW","5000146701","MPW ENVIRONMENTAL SERVICES INC","KCP350YA","350 - KYGER Fuel and Material Handling","CONTRACTOR SUPPORT FOR COAL HANDLER AND BELT WALKER JOBS",,,,,"350 - KYGER FUEL AND MATERIAL HANDLING",,"121170","FPC703","NONOUTAGE",,"YARD","KygerYARD003-1-20-401-10-350-501-110-4","Kyger","Energy","NonLabor","Kyger"
"3844","158516","202511","003-1-20-401-10-350-506-500-4","MISC REAGENT COSTS            ","2025","11","45977","2025-11-17","IC","IC FROM MX","19351.50","D","ISSUES/RETURNS OF DIRECT CHARG","CHEMICALS                                                                                                                                   ","2025-11-17 13:14:56","MX1000001282552-0001","MATRECTRANS","RECEIPT",,"7015006501","60057559","0","4400012384","5501098052","VEOLIA WTS USA, INC","KCP8440060","Environmental Mercury","FUEL EXPENSE > MERCURY CONTROL",,,,,"ENVIRONMENTAL MERCURY",,,"FPC705","NONOUTAGE",,"FPC705","KygerFPC705003-1-20-401-10-350-506-500-4","Kyger","Energy","NonLabor","Kyger"
"3845","158523","202511","003-1-20-401-10-350-501-305-4","GYPSUM DISPOSAL COSTS         ","2025","11","45978","2025-11-18","AP","AP FROM MX","358.31","D","OUTSIDE SERVICE CHARGE ADJUSTM",".                                                                                                                                           ","2025-11-18 10:08:20","MX1000001283334-0001","SERVRECTRANS","INVOICE","100-407-520-15,11/25","80011187001             ",,"0",,"5000366702","AMERICAN ELECTRIC POWER","KCPFUEL-6","KCP FUEL - DISPOSAL HAULING COST  - FLY ASH A","BY-PRODUCT HAULING COST - FLY ASH & GYPSUM (NEW AS OF 2021)",,,,,"KCP FUEL - DISPOSAL HAULING COST  - FLY ASH A",,"100-407-520-15,11/25","FCP703","NONOUTAGE",,"FCP703","KygerFCP703003-1-20-401-10-350-501-305-4","Kyger","Energy","NonLabor","Kyger"
"3846","158577","202511","003-2-21-401-10-350-506-500-4","MISC REAGENT COSTS            ","2025","11","45985","2025-11-25","IC","IC FROM MX","27300.00","D","ISSUES/RETURNS OF DIRECT CHARG","Merc-Cure Solution (Totes) (15)                                                                                                             ","2025-11-25 14:38:26","MX1000001288336-0001","MATRECTRANS","RECEIPT",,"7015082101","60057498","0",,"5501098623","STEVE FEENEY CONSULTING, LLC","CCP8440060","Environmental Mercury","FUEL EXPENSE > MERCURY CONTROL",,,,,"ENVIRONMENTAL MERCURY",,,"FPC705","NONOUTAGE",,"FPC705","CliftyFPC705003-2-21-401-10-350-506-500-4","Clifty","Energy","NonLabor","Clifty"
"3847","158577","202511","003-1-20-401-10-342-501-110-4","FUEL COST DELVD COAL          ","2025","11","45985","2025-11-25","IC","IC FROM MX","5685.46","D","ISSUES/RETURNS OF DIRECT CHARG","FUEL, DIESEL OIL, OFF ROAD, ASTMD 975, MSDS 296                                                                                             ","2025-11-25 06:35:54","MX1000001287672-0001","MATRECTRANS","RECEIPT",,"7010031002","60057857","0","0800951604","5000105901","BURLILE PETROLEUM","KCPFUEL-1","KCP FUEL - COAL UNLOADING BWC","801 - PROVIDE FUEL HANDLING",,,,,"KCP FUEL - COAL UNLOADING BWC",,,"FPC703","NONOUTAGE",,"FPC703","KygerFPC703003-1-20-401-10-342-501-110-4","Kyger","Energy","NonLabor","Kyger"
"3848","158596","202511","003-2-21-401-10-342-501-110-4","FUEL COST DELVD COAL          ","2025","11","45991","2025-12-01","ALLOC","ALLOCATION","1625.89","D","FICAIK FICA DIST              ","                                                                                                                                            ",,,,,,"                        ",,,,,,"          ",,,,,,,,,,"FPC703","NONOUTAGE",,"FPC703","CliftyFPC703003-2-21-401-10-342-501-110-4","Clifty","Energy","NonLabor","Clifty"
"3849","158596","202511","003-2-21-401-10-350-501-110-4","FUEL COST DELVD COAL          ","2025","11","45991","2025-12-01","ALLOC","ALLOCATION","16198.48","D","FICAIK FICA DIST              ","                                                                                                                                            ",,,,,,"                        ",,,,,,"          ",,,,,,,,,,"FPC703","NONOUTAGE",,"FPC703","CliftyFPC703003-2-21-401-10-350-501-110-4","Clifty","Energy","NonLabor","Clifty"
"3858","158757","202511","003-1-20-401-10-350-501-120-4","FUEL COST DELIVERED OIL       ","2025","11","45995","2025-12-05","RJ","OVOILCONS ","114279.50","D","OVEC OIL CONSUMED             ","                                                                                                                                            ",,,,,,"                        ",,,,,,"          ",,,,,,,,,,"FPC7035","NONOUTAGE",,"FPC7035","KygerFPC7035003-1-20-401-10-350-501-120-4","Kyger","Energy","NonLabor","Kyger"
"3859","158758","202511","003-2-21-401-10-350-501-120-4","FUEL COST DELVD OIL           ","2025","11","45995","2025-12-05","RJ","IKOILCONS ","212746.43","D","IKEC OIL CONSUMED             ","                                                                                                                                            ",,,,,,"                        ",,,,,,"          ",,,,,,,,,,"FPC703","NONOUTAGE",,"FPC703","CliftyFPC703003-2-21-401-10-350-501-120-4","Clifty","Energy","NonLabor","Clifty"
"3860","158759","202511","003-2-21-401-10-350-506-530-4","HYDRATED LIME COSTS           ","2025","11","45995","2025-12-05","RJ","HYLIMECONS","127737.74","D","IKEC HYDRATED LIME CONSUMED   ","                                                                                                                                            ",,,,,,"                        ",,,,,,"          ",,,,,,,,,,"FPC705","NONOUTAGE",,"FPC705","CliftyFPC705003-2-21-401-10-350-506-530-4","Clifty","Energy","NonLabor","Clifty"
"3863","158489","202511","003-1-20-401-10-342-501-110-4","FUEL COST DELVD COAL          ","2025","11","45973","2025-11-13","IC","IC FROM MX","1763.80","D","ISSUES/RETURNS OF DIRECT CHARG","Generated from Workorder 7010031002 11/12/2025 13:57:37                                                                                     ","2025-11-13 08:08:31","MX1000001280400-0001","MATRECTRANS","RECEIPT",,"7010031002","60057435","0","0800951604","5000105901","BURLILE PETROLEUM","KCPFUEL-1","KCP FUEL - COAL UNLOADING BWC","801 - PROVIDE FUEL HANDLING",,,,,"KCP FUEL - COAL UNLOADING BWC",,,"FPC703","NONOUTAGE",,"FPC703","KygerFPC703003-1-20-401-10-342-501-110-4","Kyger","Energy","NonLabor","Kyger"
"3864","158551","202511","003-2-21-401-10-350-501-110-4","FUEL COST DELVD COAL          ","2025","11","45981","2025-11-21","AP","AP FROM MX","1174.18","D","OUTSIDE SERVICE CHARGE ADJUSTM","Augmented Staff - Jesse Sands                                                                                                               ","2025-11-21 12:01:27","MX1000001286706-0001","SERVRECTRANS","INVOICE","90578273","7010180801","60038224","1",,"5001071601","WECTEC Staffing Services, LLC","CCP350YA","350 - CLIFTY Fuel and Material Handling","MISC COAL HANDLING",,,,,"350 - CLIFTY FUEL AND MATERIAL HANDLING",,"90578273","FPC703","NONOUTAGE",,"YARD","CliftyYARD003-2-21-401-10-350-501-110-4","Clifty","Energy","NonLabor","Clifty"
"3865","158551","202511","003-1-20-401-10-342-501-110-4","FUEL COST DELVD COAL          ","2025","11","45981","2025-11-21","AP","AP FROM MX","0.89","D","PRICE VARIANCE FOR DIRECT CHAR","FUEL, DIESEL OIL, OFF ROAD, ASTMD 975, MSDS 296                                                                                             ","2025-11-21 11:01:06","MX1000001286344-0001","MATRECTRANS","INVOICE","68404","7010031002","60057782","0","0800951604","5000105901","BURLILE PETROLEUM","KCPFUEL-1","KCP FUEL - COAL UNLOADING BWC","801 - PROVIDE FUEL HANDLING",,,,,"KCP FUEL - COAL UNLOADING BWC",,"68404","FPC703","NONOUTAGE",,"FPC703","KygerFPC703003-1-20-401-10-342-501-110-4","Kyger","Energy","NonLabor","Kyger"
"3866","158551","202511","003-1-20-401-10-350-501-110-4","FUEL COST DELVD COAL          ","2025","11","45981","2025-11-21","AP","AP FROM MX","7471.93","D","OUTSIDE SERVICE CHARGE ADJUSTM",".                                                                                                                                           ","2025-11-21 10:01:21","MX1000001286500-0001","SERVRECTRANS","INVOICE","103-21591783","7000031901",,"0",,"5000448601","AMERICAN ELEC. POWER SER. CORP","KCPPOCONV","KYGER CREEK PO/SO CONVERSION","003-1-20-401-10-350-501-***-4",,,,,"KYGER CREEK PO/SO CONVERSION",,"103-21591783","FPC703","NONOUTAGE",,"FPC703","KygerFPC703003-1-20-401-10-350-501-110-4","Kyger","Energy","NonLabor","Kyger"
"3867","158795","202511","003-2-21-401-10-350-506-540-4","UREA COSTS                    ","2025","11","46000","2025-12-10","RJ","UREACONSIK","455573.52","D","UREA CONSUMED IKEC            ","                                                                                                                                            ",,,,,,"                        ",,,,,,"          ",,,,,,,,,,"FPC705","NONOUTAGE",,"FPC705","CliftyFPC705003-2-21-401-10-350-506-540-4","Clifty","Energy","NonLabor","Clifty"
"3868","158798","202511","003-1-20-401-10-350-506-540-4","UREA COST                     ","2025","11","46000","2025-12-10","RJ","UREACONSOV","382661.79","D","UREA CONSUMED OVEC            ","                                                                                                                                            ",,,,,,"                        ",,,,,,"          ",,,,,,,,,,"FPC705","NONOUTAGE",,"FPC705","KygerFPC705003-1-20-401-10-350-506-540-4","Kyger","Energy","NonLabor","Kyger"
"3874","158523","202511","003-2-21-401-10-350-501-305-4","GYPSUM DISPOSAL COSTS         ","2025","11","45978","2025-11-18","AP","AP FROM MX","216222.29","D","OUTSIDE SERVICE CHARGE ADJUSTM","CC WASTE HAULING AND LANDFILL MAINTENANCE CONTRACT                                                                                          ","2025-11-18 09:25:59","MX1000001283136-0001","SERVRECTRANS","INVOICE","25-325","7012630301","22068496","7",,"5000785001","RIVERSIDE CONTRACTING & EXCAV.","CCPFUEL-6","CCP FUEL - DISPOSAL HAULING COST  - FLY ASH A","BY-PRODUCT HAULING COSTS - FLY ASH AND GYPSUM",,,,,"CCP FUEL - DISPOSAL HAULING COST  - FLY ASH A",,"25-325","FPC703","NONOUTAGE",,"FPC703","CliftyFPC703003-2-21-401-10-350-501-305-4","Clifty","Energy","NonLabor","Clifty"
"3875","158523","202511","003-2-21-401-10-350-501-305-4","GYPSUM DISPOSAL COSTS         ","2025","11","45978","2025-11-18","AP","AP FROM MX","276240.85","D","OUTSIDE SERVICE CHARGE ADJUSTM","Riverside: 3 year contract to haul and load gypsum on barges                                                                                ","2025-11-18 09:26:43","MX1000001283140-0001","SERVRECTRANS","INVOICE","G25-113","7012630301","60026673","1",,"5501098301","RIVERSIDE GROUP LLC","CCPFUEL-6","CCP FUEL - DISPOSAL HAULING COST  - FLY ASH A","BY-PRODUCT HAULING COSTS - FLY ASH AND GYPSUM",,,,,"CCP FUEL - DISPOSAL HAULING COST  - FLY ASH A",,"G25-113","FPC703","NONOUTAGE",,"FPC703","CliftyFPC703003-2-21-401-10-350-501-305-4","Clifty","Energy","NonLabor","Clifty"
"3876","158568","202511","003-1-20-401-10-342-501-110-4","FUEL COST DELVD COAL          ","2025","11","45984","2025-11-24","IC","IC FROM MX","935.49","D","ISSUES/RETURNS OF DIRECT CHARG","FUEL, DIESEL OIL, OFF ROAD, ASTMD 975, MSDS 296                                                                                             ","2025-11-24 12:31:13","MX1000001287458-0001","MATRECTRANS","RECEIPT",,"7010031002","60057845","0","0800951604","5000105901","BURLILE PETROLEUM","KCPFUEL-1","KCP FUEL - COAL UNLOADING BWC","801 - PROVIDE FUEL HANDLING",,,,,"KCP FUEL - COAL UNLOADING BWC",,,"FPC703","NONOUTAGE",,"FPC703","KygerFPC703003-1-20-401-10-342-501-110-4","Kyger","Energy","NonLabor","Kyger"
"3877","158523","202511","003-1-20-401-10-342-501-110-4","FUEL COST DELVD COAL          ","2025","11","45978","2025-11-18","AP","AP FROM MX","53.39","D","PRICE VARIANCE FOR DIRECT CHAR","FUEL, DIESEL OIL, OFF ROAD, ASTMD 975, MSDS 296                                                                                             ","2025-11-18 09:58:45","MX1000001283312-0001","MATRECTRANS","INVOICE","68259","7010031002","60057556","0","0800951604","5000105901","BURLILE PETROLEUM","KCPFUEL-1","KCP FUEL - COAL UNLOADING BWC","801 - PROVIDE FUEL HANDLING",,,,,"KCP FUEL - COAL UNLOADING BWC",,"68259","FPC703","NONOUTAGE",,"FPC703","KygerFPC703003-1-20-401-10-342-501-110-4","Kyger","Energy","NonLabor","Kyger"
"3878","158588","202511","003-2-21-401-10-342-501-110-5","FUEL COST DELVD COAL          ","2025","11","45991","2025-12-01","MLE","NONPRODLBR","528.11","D","NONPRODLBR                    ","                                                                                                                                            ",,,,,,"                        ",,,,,,"          ",,,,,,,,,,"FPC703","NONOUTAGE",,"FPC703","CliftyFPC703003-2-21-401-10-342-501-110-5","Clifty","Energy","Labor","Clifty"
"3879","158589","202511","003-2-21-401-10-350-501-110-5","FUEL COST DELV COAL           ","2025","11","45991","2025-12-01","ALLOC","FCLBRDSTRB","158515.39","D","YA01IK YARD 1 DIST            ","                                                                                                                                            ",,,,,,"                        ",,,,,,"          ",,,,,,,,,,"FPC703","NONOUTAGE",,"FPC703","CliftyFPC703003-2-21-401-10-350-501-110-5","Clifty","Energy","Labor","Clifty"
"3881","158591","202511","003-1-20-401-10-350-501-110-5","FUEL COST DELVD COAL          ","2025","11","45991","2025-12-01","ALLOC","FCLBRDSTRB","146440.53","D","YA01OV YARD 1 DIST            ","                                                                                                                                            ",,,,,,"                        ",,,,,,"          ",,,,,,,,,,"FPC703","NONOUTAGE",,"FPC703","KygerFPC703003-1-20-401-10-350-501-110-5","Kyger","Energy","Labor","Kyger"
"3886","158856","202511","003-2-21-401-10-350-501-207-4","SALE OF GYPSUM                ","2025","11","46005","2025-12-15","LJP","MISCINVCER","-451710.00","C","MISCINV CERTAINTEED SPEC 1025 ","                                                                                                                                            ",,,,,,"                        ",,,,,,"          ",,,,,,,,,,"FPC703","NONOUTAGE",,"FPC703","CliftyFPC703003-2-21-401-10-350-501-207-4","Clifty","Energy","NonLabor","Clifty"
"3887","158857","202511","003-2-21-401-10-350-501-207-4","SALE OF GYPSUM                ","2025","11","46005","2025-12-15","LJP","MISC INV  ","-117936.00","C","CERTAINTEED OFF-SPEC 1025-90A ","                                                                                                                                            ",,,,,,"                        ",,,,,,"          ",,,,,,,,,,"FPC703","NONOUTAGE",,"FPC703","CliftyFPC703003-2-21-401-10-350-501-207-4","Clifty","Energy","NonLabor","Clifty"
"3888","158858","202511","003-2-21-401-10-350-501-207-4","SALE OF GYPSUM                ","2025","11","46005","2025-12-15","LJP","MISCINV   ","-44.62","C","CRUM #1025-136                ","                                                                                                                                            ",,,,,,"                        ",,,,,,"          ",,,,,,,,,,"FPC703","NONOUTAGE",,"FPC703","CliftyFPC703003-2-21-401-10-350-501-207-4","Clifty","Energy","NonLabor","Clifty"
"3889","158859","202511","003-2-21-401-10-350-501-207-4","SALE OF GYPSUM                ","2025","11","46005","2025-12-15","LJP","MISCINV   ","-1502.94","C","FISCHER SPRAYING #1025-72     ","                                                                                                                                            ",,,,,,"                        ",,,,,,"          ",,,,,,,,,,"FPC703","NONOUTAGE",,"FPC703","CliftyFPC703003-2-21-401-10-350-501-207-4","Clifty","Energy","NonLabor","Clifty"
"3890","158860","202511","003-2-21-401-10-350-501-207-4","SALE OF GYPSUM                ","2025","11","46005","2025-12-15","LJP","MISCINV   ","-773.54","C","FLATLAND FARMS #1025-86       ","                                                                                                                                            ",,,,,,"                        ",,,,,,"          ",,,,,,,,,,"FPC703","NONOUTAGE",,"FPC703","CliftyFPC703003-2-21-401-10-350-501-207-4","Clifty","Energy","NonLabor","Clifty"
"3891","158861","202511","003-2-21-401-10-350-501-207-4","SALE OF GYPSUM                ","2025","11","46005","2025-12-15","LJP","MISCINV   ","-41.78","C","NARWOLD DAIRY #1025-74        ","                                                                                                                                            ",,,,,,"                        ",,,,,,"          ",,,,,,,,,,"FPC703","NONOUTAGE",,"FPC703","CliftyFPC703003-2-21-401-10-350-501-207-4","Clifty","Energy","NonLabor","Clifty"
"3892","158862","202511","003-2-21-401-10-350-501-207-4","SALE OF GYPSUM                ","2025","11","46005","2025-12-15","LJP","MISCINV   ","-1344.34","C","LA-LYN #1025-85               ","                                                                                                                                            ",,,,,,"                        ",,,,,,"          ",,,,,,,,,,"FPC703","NONOUTAGE",,"FPC703","CliftyFPC703003-2-21-401-10-350-501-207-4","Clifty","Energy","NonLabor","Clifty"
"3893","158863","202511","003-2-21-401-10-350-501-207-4","SALE OF GYPSUM                ","2025","11","46005","2025-12-15","LJP","MISCINV   ","-152.90","C","SUDAN FARMS #1025-87          ","                                                                                                                                            ",,,,,,"                        ",,,,,,"          ",,,,,,,,,,"FPC703","NONOUTAGE",,"FPC703","CliftyFPC703003-2-21-401-10-350-501-207-4","Clifty","Energy","NonLabor","Clifty"
"3909","158459","202511","003-1-20-401-10-342-501-110-4","FUEL COST DELVD COAL          ","2025","11","45971","2025-11-11","AP","AP FROM MX","-50.41","C","PRICE VARIANCE FOR DIRECT CHAR","Generated from Workorder 7010031002 11/10/2025 08:23:05                                                                                     ","2025-11-11 11:38:16","MX1000001279442-0002","MATRECTRANS","INVOICE","68069","7010031002","60057311","0","0800951604","5000105901","BURLILE PETROLEUM","KCPFUEL-1","KCP FUEL - COAL UNLOADING BWC","801 - PROVIDE FUEL HANDLING",,,,,"KCP FUEL - COAL UNLOADING BWC",,"68069","FPC703","NONOUTAGE",,"FPC703","KygerFPC703003-1-20-401-10-342-501-110-4","Kyger","Energy","NonLabor","Kyger"
"3910","158442","202511","003-1-20-401-10-342-501-110-4","FUEL COST DELVD COAL          ","2025","11","45970","2025-11-10","IC","IC FROM MX","890.54","D","ISSUES/RETURNS OF DIRECT CHARG","Generated from Workorder 7010031002 11/10/2025 06:51:21                                                                                     ","2025-11-10 08:19:21","MX1000001278170-0001","MATRECTRANS","RECEIPT",,"7010031002","60057310","0","0800951604","5000105901","BURLILE PETROLEUM","KCPFUEL-1","KCP FUEL - COAL UNLOADING BWC","801 - PROVIDE FUEL HANDLING",,,,,"KCP FUEL - COAL UNLOADING BWC",,,"FPC703","NONOUTAGE",,"FPC703","KygerFPC703003-1-20-401-10-342-501-110-4","Kyger","Energy","NonLabor","Kyger"
"3911","158381","202511","003-1-20-401-10-342-501-110-4","FUEL COST DELVD COAL          ","2025","11","45965","2025-11-05","IC","IC FROM MX","3240.56","D","ISSUES/RETURNS OF DIRECT CHARG","FUEL, DIESEL OIL, OFF ROAD, ASTMD 975, MSDS 296                                                                                             ","2025-11-05 06:46:43","MX1000001274342-0001","MATRECTRANS","RECEIPT",,"7010031002","60057187","0","0800951604","5000105901","BURLILE PETROLEUM","KCPFUEL-1","KCP FUEL - COAL UNLOADING BWC","801 - PROVIDE FUEL HANDLING",,,,,"KCP FUEL - COAL UNLOADING BWC",,,"FPC703","NONOUTAGE",,"FPC703","KygerFPC703003-1-20-401-10-342-501-110-4","Kyger","Energy","NonLabor","Kyger"
"3912","158489","202511","003-1-20-401-10-342-501-110-4","FUEL COST DELVD COAL          ","2025","11","45973","2025-11-13","IC","IC FROM MX","1057.86","D","ISSUES/RETURNS OF DIRECT CHARG","Generated from Workorder 7010031002 11/13/2025 10:57:14                                                                                     ","2025-11-13 11:26:02","MX1000001281310-0001","MATRECTRANS","RECEIPT",,"7010031002","60057451","0","0800951604","5000105901","BURLILE PETROLEUM","KCPFUEL-1","KCP FUEL - COAL UNLOADING BWC","801 - PROVIDE FUEL HANDLING",,,,,"KCP FUEL - COAL UNLOADING BWC",,,"FPC703","NONOUTAGE",,"FPC703","KygerFPC703003-1-20-401-10-342-501-110-4","Kyger","Energy","NonLabor","Kyger"
"3913","158607","202511","003-2-21-401-10-350-501-110-4","FUEL COST DELVD COAL          ","2025","11","45991","2025-12-01","MLE","IKECINSEXP","792.90","D","IKEC INSURANCE EXP            ","                                                                                                                                            ",,,,,,"                        ",,,,,,"          ",,,,,,,,,,"FPC703","NONOUTAGE",,"FPC703","CliftyFPC703003-2-21-401-10-350-501-110-4","Clifty","Energy","NonLabor","Clifty"
"3914","158611","202511","003-1-20-401-10-350-501-110-4","FUEL COST DELVD COAL          ","2025","11","45991","2025-12-01","MLE","RECLASS   ","30199.65","D","RECLASS PORTION OF BEN TO FUEL","                                                                                                                                            ",,,,,,"                        ",,,,,,"          ",,,,,,,,,,"FPC703","NONOUTAGE",,"FPC703","KygerFPC703003-1-20-401-10-350-501-110-4","Kyger","Energy","NonLabor","Kyger"
"3915","158611","202511","003-2-21-401-10-350-501-110-4","FUEL COST DELVD COAL          ","2025","11","45991","2025-12-01","MLE","RECLASS   ","33233.38","D","RECLASS PORTION OF BEN TO FUEL","                                                                                                                                            ",,,,,,"                        ",,,,,,"          ",,,,,,,,,,"FPC703","NONOUTAGE",,"FPC703","CliftyFPC703003-2-21-401-10-350-501-110-4","Clifty","Energy","NonLabor","Clifty"
"3916","158576","202511","003-2-21-401-10-350-501-110-4","FUEL COST DELVD COAL          ","2025","11","45985","2025-11-25","AP","AP FROM MX","1214.03","D","OUTSIDE SERVICE CHARGE ADJUSTM","Augmented Staff - Eric Burchnell                                                                                                            ","2025-11-25 14:32:24","MX1000001288224-0001","SERVRECTRANS","INVOICE","90578361","7010180801","60038225","1",,"5001071601","WECTEC Staffing Services, LLC","CCP350YA","350 - CLIFTY Fuel and Material Handling","MISC COAL HANDLING",,,,,"350 - CLIFTY FUEL AND MATERIAL HANDLING",,"90578361","FPC703","NONOUTAGE",,"YARD","CliftyYARD003-2-21-401-10-350-501-110-4","Clifty","Energy","NonLabor","Clifty"
"3917","158606","202511","003-1-20-401-10-350-501-110-4","FUEL COST DELVD COAL          ","2025","11","45991","2025-12-01","MLE","OVECINSEXP","1311.04","D","OVEC INSURANCE EXP            ","                                                                                                                                            ",,,,,,"                        ",,,,,,"          ",,,,,,,,,,"FPC703","NONOUTAGE",,"FPC703","KygerFPC703003-1-20-401-10-350-501-110-4","Kyger","Energy","NonLabor","Kyger"
"3920","158714","202511","003-1-20-401-10-000-501-110-4","FUEL COST DELVD COAL          ","2025","11","45993","2025-12-03","RJ","OVCOALCONS","19661054.04","D","OVEC COAL CONSUMED            ","                                                                                                                                            ",,,,,,"                        ",,,,,,"          ",,,,,,,,,,"FPC703","NONOUTAGE",,"FPC703","KygerFPC703003-1-20-401-10-000-501-110-4","Kyger","Energy","NonLabor","Kyger"
"3921","158715","202511","003-1-20-401-10-350-506-510-4","LIMESTONE COSTS               ","2025","11","45993","2025-12-03","RJ","OVLIMECONS","981287.43","D","OVEC LIMESTONE CONSUMED       ","                                                                                                                                            ",,,,,,"                        ",,,,,,"          ",,,,,,,,,,"FPC705","NONOUTAGE",,"FPC705","KygerFPC705003-1-20-401-10-350-506-510-4","Kyger","Energy","NonLabor","Kyger"
"3922","158717","202511","003-2-21-401-10-000-501-110-4","FUEL COST DELVD COAL          ","2025","11","45993","2025-12-03","RJ","IKCOALCONS","20697267.19","D","FUEL COST DELVD COAL          ","                                                                                                                                            ",,,,,,"                        ",,,,,,"          ",,,,,,,,,,"FPC703","NONOUTAGE",,"FPC703","CliftyFPC703003-2-21-401-10-000-501-110-4","Clifty","Energy","NonLabor","Clifty"
"3923","158718","202511","003-2-21-401-10-350-506-510-4","LIMESTONE COSTS               ","2025","11","45993","2025-12-03","RJ","IKLIMECONS","759533.04","D","IKEC LIMESTONE CONSUMED       ","                                                                                                                                            ",,,,,,"                        ",,,,,,"          ",,,,,,,,,,"FPC705","NONOUTAGE",,"FPC705","CliftyFPC705003-2-21-401-10-350-506-510-4","Clifty","Energy","NonLabor","Clifty"
"3924","158599","202511","003-2-21-401-10-342-501-110-4","FUEL COST DELVD COAL          ","2025","11","45991","2025-12-01","ALLOC","ALLOCATION","0.61","D","FUTAIK DIST                   ","                                                                                                                                            ",,,,,,"                        ",,,,,,"          ",,,,,,,,,,"FPC703","NONOUTAGE",,"FPC703","CliftyFPC703003-2-21-401-10-342-501-110-4","Clifty","Energy","NonLabor","Clifty"
"3925","158599","202511","003-2-21-401-10-350-501-110-4","FUEL COST DELVD COAL          ","2025","11","45991","2025-12-01","ALLOC","ALLOCATION","6.05","D","FUTAIK DIST                   ","                                                                                                                                            ",,,,,,"                        ",,,,,,"          ",,,,,,,,,,"FPC703","NONOUTAGE",,"FPC703","CliftyFPC703003-2-21-401-10-350-501-110-4","Clifty","Energy","NonLabor","Clifty"
"3926","158600","202511","003-2-21-401-10-342-501-110-4","FUEL COST DELVD COAL          ","2025","11","45991","2025-12-01","ALLOC","ALLOCATION","0.51","D","SUTAIK SUTA DIST              ","                                                                                                                                            ",,,,,,"                        ",,,,,,"          ",,,,,,,,,,"FPC703","NONOUTAGE",,"FPC703","CliftyFPC703003-2-21-401-10-342-501-110-4","Clifty","Energy","NonLabor","Clifty"
"3927","158600","202511","003-2-21-401-10-350-501-110-4","FUEL COST DELVD COAL          ","2025","11","45991","2025-12-01","ALLOC","ALLOCATION","5.04","D","SUTAIK SUTA DIST              ","                                                                                                                                            ",,,,,,"                        ",,,,,,"          ",,,,,,,,,,"FPC703","NONOUTAGE",,"FPC703","CliftyFPC703003-2-21-401-10-350-501-110-4","Clifty","Energy","NonLabor","Clifty"
"3928","158782","202511","003-1-20-401-10-350-506-530-4","HYDRATED LIME COST            ","2025","11","45999","2025-12-09","RJ","HYLIMECONS","2640.20","D","OVEC HYDRATED LIME CONSUMED   ","                                                                                                                                            ",,,,,,"                        ",,,,,,"          ",,,,,,,,,,"FPC705","NONOUTAGE",,"FPC705","KygerFPC705003-1-20-401-10-350-506-530-4","Kyger","Energy","NonLabor","Kyger"
"3948","158301","202511","003-1-20-401-10-350-506-500-4","MISC REAGENT COSTS            ","2025","11","45963","2025-11-03","AP","AP FROM MX","132.60","D","PRICE VARIANCE FOR DIRECT CHAR","W.K. Merriman 4/10/25 Lime Slurry Plus                                                                                                      ","2025-11-03 15:56:04","MX1000001273392-0001","MATRECTRANS","INVOICE","10250141","7015006501","60051425","1",,"5000895201","W.K. MERRIMAN, INC.","KCP8440060","Environmental Mercury","FUEL EXPENSE > MERCURY CONTROL",,,,,"ENVIRONMENTAL MERCURY",,"10250141","FPC705","NONOUTAGE",,"FPC705","KygerFPC705003-1-20-401-10-350-506-500-4","Kyger","Energy","NonLabor","Kyger"
"3949","158301","202511","003-1-20-401-10-350-506-500-4","MISC REAGENT COSTS            ","2025","11","45963","2025-11-03","AP","AP FROM MX","136.00","D","PRICE VARIANCE FOR DIRECT CHAR","W.K. Merriman 4/10/25 Lime Slurry Plus                                                                                                      ","2025-11-03 15:55:04","MX1000001273384-0001","MATRECTRANS","INVOICE","10250139","7015006501","60051425","1",,"5000895201","W.K. MERRIMAN, INC.","KCP8440060","Environmental Mercury","FUEL EXPENSE > MERCURY CONTROL",,,,,"ENVIRONMENTAL MERCURY",,"10250139","FPC705","NONOUTAGE",,"FPC705","KygerFPC705003-1-20-401-10-350-506-500-4","Kyger","Energy","NonLabor","Kyger"
"4038","158551","202511","003-2-21-401-10-350-506-500-4","MISC REAGENT COSTS            ","2025","11","45981","2025-11-21","AP","AP FROM MX","2541.57","D","OUTSIDE SERVICE CHARGE ADJUSTM",".                                                                                                                                           ","2025-11-21 14:08:25","MX1000001286798-0001","SERVRECTRANS","INVOICE","103-21591786","7010374801",,"0",,"5000448501","AMERICAN ELEC.POWER SER.CORP","CCPFUEL-5","CCP FUEL - FUEL COST","UREA/REAGENT COST - CLIFTY",,,,,"CCP FUEL - FUEL COST",,"103-21591786","FPC705","NONOUTAGE",,"FPC705","CliftyFPC705003-2-21-401-10-350-506-500-4","Clifty","Energy","NonLabor","Clifty"
"4077","158551","202511","003-1-20-401-10-350-506-500-4","MISC REAGENT COSTS            ","2025","11","45981","2025-11-21","AP","AP FROM MX","1332.04","D","OUTSIDE SERVICE CHARGE ADJUSTM",".                                                                                                                                           ","2025-11-21 10:01:22","MX1000001286486-0001","SERVRECTRANS","INVOICE","103-21591783","7010122501",,"0",,"5000448601","AMERICAN ELEC. POWER SER. CORP","1193","KCPFUEL-5 KCP - FUEL COST","UREA AND REAGENT COST",,,,,"KCPFUEL-5 KCP - FUEL COST",,"103-21591783","FPC705","NONOUTAGE",,"FPC705","KygerFPC705003-1-20-401-10-350-506-500-4","Kyger","Energy","NonLabor","Kyger"
"4080","158552","202511","003-1-20-401-10-342-501-110-4","FUEL COST DELVD COAL          ","2025","11","45981","2025-11-21","IC","IC FROM MX","2375.26","D","ISSUES/RETURNS OF DIRECT CHARG","FUEL, DIESEL OIL, OFF ROAD, ASTMD 975, MSDS 296                                                                                             ","2025-11-21 07:00:41","MX1000001286058-0001","MATRECTRANS","RECEIPT",,"7010031002","60057782","0","0800951604","5000105901","BURLILE PETROLEUM","KCPFUEL-1","KCP FUEL - COAL UNLOADING BWC","801 - PROVIDE FUEL HANDLING",,,,,"KCP FUEL - COAL UNLOADING BWC",,,"FPC703","NONOUTAGE",,"FPC703","KygerFPC703003-1-20-401-10-342-501-110-4","Kyger","Energy","NonLabor","Kyger"
"4169","158552","202511","003-1-20-401-10-342-501-110-4","FUEL COST DELVD COAL          ","2025","11","45981","2025-11-21","IC","IC FROM MX","962.95","D","ISSUES/RETURNS OF DIRECT CHARG","Generated from Workorder 7010031002 11/21/2025 13:52:47                                                                                     ","2025-11-21 14:09:08","MX1000001286688-0001","MATRECTRANS","RECEIPT",,"7010031002","60057819","0","0800951604","5000105901","BURLILE PETROLEUM","KCPFUEL-1","KCP FUEL - COAL UNLOADING BWC","801 - PROVIDE FUEL HANDLING",,,,,"KCP FUEL - COAL UNLOADING BWC",,,"FPC703","NONOUTAGE",,"FPC703","KygerFPC703003-1-20-401-10-342-501-110-4","Kyger","Energy","NonLabor","Kyger"
